id_zuiveringsinstallatie;rwzi;date_column;waterlevel;storm;temperature;rainfall;populationserved;industrialdischarge;pumpefficiency;maintenancedays;energysource;peakload;groundwaterusage;systemage;energyusage_kwh;displayfieldname;fieldaliases;fields;objectid;zrwident;zui_zpiident;zrwnaam;zrwdatin;zrwdatui;globalid;iws_eigenaar;latitude;longitude;zrwverkort;oc_ie;oc_max;oc_ie_bzv;straat;plaats;nummer;postcode;regio;zrw_type;zrwstatus;opmerkingen
0301;RWZI_1;2024-12-09;2.78;No;34.8;10.55;17210;95.15;0.99;6;Non-Renewable;2.98;0.83;32;1115.47;ZRW_TYPE_OUD;{ globalid:GLOBALID iws_eigenaar:Eigenaar latitude:Latitude longitude:Longitude nummer:Huisnummer objectid:OBJECTID oc_ie:Ontwerpcapaciteit IE, 150TZV oc_ie_bzv:Ontwerpcapaciteit IE, 54BZV oc_max:Ontwerpcapaciteit m3/h opmerkingen:Opmerkingen plaats:Plaats postcode:Postcode regio:Regio straat:Straat zrw_type:RWZI type zrwdatin:Datum in bedrijf zrwdatui:Datum uit bedrijf zrwident:Code zrwnaam:Naam RWZI zrwstatus:Status zrwverkort:Verkorte naam zui_zpiident:ID Zuiveringsinstallatie};{ { alias:OBJECTID name:OBJECTID type:esriFieldTypeOID} { alias:Code length:24 name:ZRWIDENT type:esriFieldTypeString} { alias:ID Zuiveringsinstallatie length:24 name:ZUI_ZPIIDENT type:esriFieldTypeString} { alias:Naam RWZI length:50 name:ZRWNAAM type:esriFieldTypeString} { alias:Datum in bedrijf length:8 name:ZRWDATIN type:esriFieldTypeDate} { alias:Datum uit bedrijf length:8 name:ZRWDATUI type:esriFieldTypeDate} { alias:Opmerkingen length:255 name:OPMERKINGEN type:esriFieldTypeString} { alias:GLOBALID length:38 name:GLOBALID type:esriFieldTypeGlobalID} { alias:Eigenaar length:255 name:IWS_EIGENAAR type:esriFieldTypeString} { alias:Latitude name:LATITUDE type:esriFieldTypeDouble} { alias:Longitude name:LONGITUDE type:esriFieldTypeDouble} { alias:Verkorte naam length:10 name:ZRWVERKORT type:esriFieldTypeString} { alias:Ontwerpcapaciteit IE, 150TZV name:OC_IE type:esriFieldTypeDouble} { alias:Ontwerpcapaciteit m3/h name:OC_MAX type:esriFieldTypeDouble} { alias:Ontwerpcapaciteit IE, 54BZV name:OC_IE_BZV type:esriFieldTypeDouble} { alias:Straat length:150 name:STRAAT type:esriFieldTypeString} { alias:Plaats length:50 name:PLAATS type:esriFieldTypeString} { alias:Huisnummer length:10 name:NUMMER type:esriFieldTypeString} { alias:Postcode length:6 name:POSTCODE type:esriFieldTypeString} { alias:Regio name:REGIO type:esriFieldTypeInteger} { alias:RWZI type name:ZRW_TYPE type:esriFieldTypeInteger} { alias:Status name:ZRWSTATUS type:esriFieldTypeInteger}};16783047;ZAR_;0301;RWZI Arnhem;978307200000;NULL;{a3817c39-1686-42f4-b785-d2eb96308b20};Waterschap;51.966499;5.855861;111;206000.0;6400.0;165000.0;Drielsedijk;Arnhem;25;6841HJ;2;3;2;NULL
0401;RWZI_2;2024-12-09;1.51;Yes;22.1;38.06;21861;33.07;0.94;3;Non-Renewable;2.95;6.62;49;1206.67;ZRW_TYPE_OUD;{ globalid:GLOBALID iws_eigenaar:Eigenaar latitude:Latitude longitude:Longitude nummer:Huisnummer objectid:OBJECTID oc_ie:Ontwerpcapaciteit IE, 150TZV oc_ie_bzv:Ontwerpcapaciteit IE, 54BZV oc_max:Ontwerpcapaciteit m3/h opmerkingen:Opmerkingen plaats:Plaats postcode:Postcode regio:Regio straat:Straat zrw_type:RWZI type zrwdatin:Datum in bedrijf zrwdatui:Datum uit bedrijf zrwident:Code zrwnaam:Naam RWZI zrwstatus:Status zrwverkort:Verkorte naam zui_zpiident:ID Zuiveringsinstallatie};{ { alias:OBJECTID name:OBJECTID type:esriFieldTypeOID} { alias:Code length:24 name:ZRWIDENT type:esriFieldTypeString} { alias:ID Zuiveringsinstallatie length:24 name:ZUI_ZPIIDENT type:esriFieldTypeString} { alias:Naam RWZI length:50 name:ZRWNAAM type:esriFieldTypeString} { alias:Datum in bedrijf length:8 name:ZRWDATIN type:esriFieldTypeDate} { alias:Datum uit bedrijf length:8 name:ZRWDATUI type:esriFieldTypeDate} { alias:Opmerkingen length:255 name:OPMERKINGEN type:esriFieldTypeString} { alias:GLOBALID length:38 name:GLOBALID type:esriFieldTypeGlobalID} { alias:Eigenaar length:255 name:IWS_EIGENAAR type:esriFieldTypeString} { alias:Latitude name:LATITUDE type:esriFieldTypeDouble} { alias:Longitude name:LONGITUDE type:esriFieldTypeDouble} { alias:Verkorte naam length:10 name:ZRWVERKORT type:esriFieldTypeString} { alias:Ontwerpcapaciteit IE, 150TZV name:OC_IE type:esriFieldTypeDouble} { alias:Ontwerpcapaciteit m3/h name:OC_MAX type:esriFieldTypeDouble} { alias:Ontwerpcapaciteit IE, 54BZV name:OC_IE_BZV type:esriFieldTypeDouble} { alias:Straat length:150 name:STRAAT type:esriFieldTypeString} { alias:Plaats length:50 name:PLAATS type:esriFieldTypeString} { alias:Huisnummer length:10 name:NUMMER type:esriFieldTypeString} { alias:Postcode length:6 name:POSTCODE type:esriFieldTypeString} { alias:Regio name:REGIO type:esriFieldTypeInteger} { alias:RWZI type name:ZRW_TYPE type:esriFieldTypeInteger} { alias:Status name:ZRWSTATUS type:esriFieldTypeInteger}};16783057;ZAS_;0401;RWZI Asperen;63072000000;NULL;{f407f749-eba8-41a6-b0c2-7e7f41d85a7d};Waterschap;51.8838;5.111042;443;8500.0;400.0;7000.0;3e industrieweg;Asperen;9;4147CV;4;3;2;NULL
0501;RWZI_3;2024-12-09;4.54;No;8.0;38.09;39636;67.95;0.72;5;Renewable;2.99;11.11;47;1418.72;ZRW_TYPE_OUD;{ globalid:GLOBALID iws_eigenaar:Eigenaar latitude:Latitude longitude:Longitude nummer:Huisnummer objectid:OBJECTID oc_ie:Ontwerpcapaciteit IE, 150TZV oc_ie_bzv:Ontwerpcapaciteit IE, 54BZV oc_max:Ontwerpcapaciteit m3/h opmerkingen:Opmerkingen plaats:Plaats postcode:Postcode regio:Regio straat:Straat zrw_type:RWZI type zrwdatin:Datum in bedrijf zrwdatui:Datum uit bedrijf zrwident:Code zrwnaam:Naam RWZI zrwstatus:Status zrwverkort:Verkorte naam zui_zpiident:ID Zuiveringsinstallatie};{ { alias:OBJECTID name:OBJECTID type:esriFieldTypeOID} { alias:Code length:24 name:ZRWIDENT type:esriFieldTypeString} { alias:ID Zuiveringsinstallatie length:24 name:ZUI_ZPIIDENT type:esriFieldTypeString} { alias:Naam RWZI length:50 name:ZRWNAAM type:esriFieldTypeString} { alias:Datum in bedrijf length:8 name:ZRWDATIN type:esriFieldTypeDate} { alias:Datum uit bedrijf length:8 name:ZRWDATUI type:esriFieldTypeDate} { alias:Opmerkingen length:255 name:OPMERKINGEN type:esriFieldTypeString} { alias:GLOBALID length:38 name:GLOBALID type:esriFieldTypeGlobalID} { alias:Eigenaar length:255 name:IWS_EIGENAAR type:esriFieldTypeString} { alias:Latitude name:LATITUDE type:esriFieldTypeDouble} { alias:Longitude name:LONGITUDE type:esriFieldTypeDouble} { alias:Verkorte naam length:10 name:ZRWVERKORT type:esriFieldTypeString} { alias:Ontwerpcapaciteit IE, 150TZV name:OC_IE type:esriFieldTypeDouble} { alias:Ontwerpcapaciteit m3/h name:OC_MAX type:esriFieldTypeDouble} { alias:Ontwerpcapaciteit IE, 54BZV name:OC_IE_BZV type:esriFieldTypeDouble} { alias:Straat length:150 name:STRAAT type:esriFieldTypeString} { alias:Plaats length:50 name:PLAATS type:esriFieldTypeString} { alias:Huisnummer length:10 name:NUMMER type:esriFieldTypeString} { alias:Postcode length:6 name:POSTCODE type:esriFieldTypeString} { alias:Regio name:REGIO type:esriFieldTypeInteger} { alias:RWZI type name:ZRW_TYPE type:esriFieldTypeInteger} { alias:Status name:ZRWSTATUS type:esriFieldTypeInteger}};16783067;ZBD_;0501;RWZI Beesd;536457600000;NULL;{8f62343a-444c-4fa8-ab8e-b4658456d439};Waterschap;51.897257;5.169752;442;9000.0;350.0;7500.0;Dr. A. Kuyperweg;Beesd;80;4153XB;4;3;2;nabij Dr. A. Kuyperweg 120
0601;RWZI_4;2024-12-09;1.31;No;21.7;38.01;2487;70.49;0.94;6;Renewable;2.07;0.83;9;534.33;ZRW_TYPE_OUD;{ globalid:GLOBALID iws_eigenaar:Eigenaar latitude:Latitude longitude:Longitude nummer:Huisnummer objectid:OBJECTID oc_ie:Ontwerpcapaciteit IE, 150TZV oc_ie_bzv:Ontwerpcapaciteit IE, 54BZV oc_max:Ontwerpcapaciteit m3/h opmerkingen:Opmerkingen plaats:Plaats postcode:Postcode regio:Regio straat:Straat zrw_type:RWZI type zrwdatin:Datum in bedrijf zrwdatui:Datum uit bedrijf zrwident:Code zrwnaam:Naam RWZI zrwstatus:Status zrwverkort:Verkorte naam zui_zpiident:ID Zuiveringsinstallatie};{ { alias:OBJECTID name:OBJECTID type:esriFieldTypeOID} { alias:Code length:24 name:ZRWIDENT type:esriFieldTypeString} { alias:ID Zuiveringsinstallatie length:24 name:ZUI_ZPIIDENT type:esriFieldTypeString} { alias:Naam RWZI length:50 name:ZRWNAAM type:esriFieldTypeString} { alias:Datum in bedrijf length:8 name:ZRWDATIN type:esriFieldTypeDate} { alias:Datum uit bedrijf length:8 name:ZRWDATUI type:esriFieldTypeDate} { alias:Opmerkingen length:255 name:OPMERKINGEN type:esriFieldTypeString} { alias:GLOBALID length:38 name:GLOBALID type:esriFieldTypeGlobalID} { alias:Eigenaar length:255 name:IWS_EIGENAAR type:esriFieldTypeString} { alias:Latitude name:LATITUDE type:esriFieldTypeDouble} { alias:Longitude name:LONGITUDE type:esriFieldTypeDouble} { alias:Verkorte naam length:10 name:ZRWVERKORT type:esriFieldTypeString} { alias:Ontwerpcapaciteit IE, 150TZV name:OC_IE type:esriFieldTypeDouble} { alias:Ontwerpcapaciteit m3/h name:OC_MAX type:esriFieldTypeDouble} { alias:Ontwerpcapaciteit IE, 54BZV name:OC_IE_BZV type:esriFieldTypeDouble} { alias:Straat length:150 name:STRAAT type:esriFieldTypeString} { alias:Plaats length:50 name:PLAATS type:esriFieldTypeString} { alias:Huisnummer length:10 name:NUMMER type:esriFieldTypeString} { alias:Postcode length:6 name:POSTCODE type:esriFieldTypeString} { alias:Regio name:REGIO type:esriFieldTypeInteger} { alias:RWZI type name:ZRW_TYPE type:esriFieldTypeInteger} { alias:Status name:ZRWSTATUS type:esriFieldTypeInteger}};16783077;ZBE_;0601;RWZI Bergharen;189302400000;NULL;{87dd79bd-5b98-405c-b8fe-5918cc6ca0dc};Waterschap;51.846096;5.643183;663;12000.0;300.0;10000.0;Oude Schaarsestraat;Bergharen;2;6617KE;3;3;2;NULL
0701;RWZI_5;2024-12-09;1.36;No;4.3;8.96;41921;72.48;1.0;4;Non-Renewable;1.29;0.57;13;1447.14;ZRW_TYPE_OUD;{ globalid:GLOBALID iws_eigenaar:Eigenaar latitude:Latitude longitude:Longitude nummer:Huisnummer objectid:OBJECTID oc_ie:Ontwerpcapaciteit IE, 150TZV oc_ie_bzv:Ontwerpcapaciteit IE, 54BZV oc_max:Ontwerpcapaciteit m3/h opmerkingen:Opmerkingen plaats:Plaats postcode:Postcode regio:Regio straat:Straat zrw_type:RWZI type zrwdatin:Datum in bedrijf zrwdatui:Datum uit bedrijf zrwident:Code zrwnaam:Naam RWZI zrwstatus:Status zrwverkort:Verkorte naam zui_zpiident:ID Zuiveringsinstallatie};{ { alias:OBJECTID name:OBJECTID type:esriFieldTypeOID} { alias:Code length:24 name:ZRWIDENT type:esriFieldTypeString} { alias:ID Zuiveringsinstallatie length:24 name:ZUI_ZPIIDENT type:esriFieldTypeString} { alias:Naam RWZI length:50 name:ZRWNAAM type:esriFieldTypeString} { alias:Datum in bedrijf length:8 name:ZRWDATIN type:esriFieldTypeDate} { alias:Datum uit bedrijf length:8 name:ZRWDATUI type:esriFieldTypeDate} { alias:Opmerkingen length:255 name:OPMERKINGEN type:esriFieldTypeString} { alias:GLOBALID length:38 name:GLOBALID type:esriFieldTypeGlobalID} { alias:Eigenaar length:255 name:IWS_EIGENAAR type:esriFieldTypeString} { alias:Latitude name:LATITUDE type:esriFieldTypeDouble} { alias:Longitude name:LONGITUDE type:esriFieldTypeDouble} { alias:Verkorte naam length:10 name:ZRWVERKORT type:esriFieldTypeString} { alias:Ontwerpcapaciteit IE, 150TZV name:OC_IE type:esriFieldTypeDouble} { alias:Ontwerpcapaciteit m3/h name:OC_MAX type:esriFieldTypeDouble} { alias:Ontwerpcapaciteit IE, 54BZV name:OC_IE_BZV type:esriFieldTypeDouble} { alias:Straat length:150 name:STRAAT type:esriFieldTypeString} { alias:Plaats length:50 name:PLAATS type:esriFieldTypeString} { alias:Huisnummer length:10 name:NUMMER type:esriFieldTypeString} { alias:Postcode length:6 name:POSTCODE type:esriFieldTypeString} { alias:Regio name:REGIO type:esriFieldTypeInteger} { alias:RWZI type name:ZRW_TYPE type:esriFieldTypeInteger} { alias:Status name:ZRWSTATUS type:esriFieldTypeInteger}};16783087;ZCU_;0701;RWZI Culemborg;852076800000;NULL;{75865d15-9c33-4c29-84c4-636205b88bcc};Waterschap;51.938822;5.235746;341;47500.0;2200.0;37500.0;Parallelweg Oost;Culemborg;23a;4103ND;4;3;2;NULL
0801;RWZI_6;2024-12-09;4.36;Yes;23.2;3.8;33093;40.4;0.77;3;Non-Renewable;0.69;19.04;22;1682.15;ZRW_TYPE_OUD;{ globalid:GLOBALID iws_eigenaar:Eigenaar latitude:Latitude longitude:Longitude nummer:Huisnummer objectid:OBJECTID oc_ie:Ontwerpcapaciteit IE, 150TZV oc_ie_bzv:Ontwerpcapaciteit IE, 54BZV oc_max:Ontwerpcapaciteit m3/h opmerkingen:Opmerkingen plaats:Plaats postcode:Postcode regio:Regio straat:Straat zrw_type:RWZI type zrwdatin:Datum in bedrijf zrwdatui:Datum uit bedrijf zrwident:Code zrwnaam:Naam RWZI zrwstatus:Status zrwverkort:Verkorte naam zui_zpiident:ID Zuiveringsinstallatie};{ { alias:OBJECTID name:OBJECTID type:esriFieldTypeOID} { alias:Code length:24 name:ZRWIDENT type:esriFieldTypeString} { alias:ID Zuiveringsinstallatie length:24 name:ZUI_ZPIIDENT type:esriFieldTypeString} { alias:Naam RWZI length:50 name:ZRWNAAM type:esriFieldTypeString} { alias:Datum in bedrijf length:8 name:ZRWDATIN type:esriFieldTypeDate} { alias:Datum uit bedrijf length:8 name:ZRWDATUI type:esriFieldTypeDate} { alias:Opmerkingen length:255 name:OPMERKINGEN type:esriFieldTypeString} { alias:GLOBALID length:38 name:GLOBALID type:esriFieldTypeGlobalID} { alias:Eigenaar length:255 name:IWS_EIGENAAR type:esriFieldTypeString} { alias:Latitude name:LATITUDE type:esriFieldTypeDouble} { alias:Longitude name:LONGITUDE type:esriFieldTypeDouble} { alias:Verkorte naam length:10 name:ZRWVERKORT type:esriFieldTypeString} { alias:Ontwerpcapaciteit IE, 150TZV name:OC_IE type:esriFieldTypeDouble} { alias:Ontwerpcapaciteit m3/h name:OC_MAX type:esriFieldTypeDouble} { alias:Ontwerpcapaciteit IE, 54BZV name:OC_IE_BZV type:esriFieldTypeDouble} { alias:Straat length:150 name:STRAAT type:esriFieldTypeString} { alias:Plaats length:50 name:PLAATS type:esriFieldTypeString} { alias:Huisnummer length:10 name:NUMMER type:esriFieldTypeString} { alias:Postcode length:6 name:POSTCODE type:esriFieldTypeString} { alias:Regio name:REGIO type:esriFieldTypeInteger} { alias:RWZI type name:ZRW_TYPE type:esriFieldTypeInteger} { alias:Status name:ZRWSTATUS type:esriFieldTypeInteger}};16783097;ZDO_;0801;RWZI Dodewaard;1577836800000;NULL;{9bcf5ebf-31de-44ff-97df-c2678f61cdb6};Waterschap;51.920539;5.634275;221;70000.0;2728.0;22500.0;Appelenburgseveldweg;Dodewaard;2;6669CX;2;3;2;NULL
0901;RWZI_7;2024-12-09;3.62;Yes;25.6;11.8;20612;63.47;0.96;2;Non-Renewable;1.12;13.19;13;1412.18;ZRW_TYPE_OUD;{ globalid:GLOBALID iws_eigenaar:Eigenaar latitude:Latitude longitude:Longitude nummer:Huisnummer objectid:OBJECTID oc_ie:Ontwerpcapaciteit IE, 150TZV oc_ie_bzv:Ontwerpcapaciteit IE, 54BZV oc_max:Ontwerpcapaciteit m3/h opmerkingen:Opmerkingen plaats:Plaats postcode:Postcode regio:Regio straat:Straat zrw_type:RWZI type zrwdatin:Datum in bedrijf zrwdatui:Datum uit bedrijf zrwident:Code zrwnaam:Naam RWZI zrwstatus:Status zrwverkort:Verkorte naam zui_zpiident:ID Zuiveringsinstallatie};{ { alias:OBJECTID name:OBJECTID type:esriFieldTypeOID} { alias:Code length:24 name:ZRWIDENT type:esriFieldTypeString} { alias:ID Zuiveringsinstallatie length:24 name:ZUI_ZPIIDENT type:esriFieldTypeString} { alias:Naam RWZI length:50 name:ZRWNAAM type:esriFieldTypeString} { alias:Datum in bedrijf length:8 name:ZRWDATIN type:esriFieldTypeDate} { alias:Datum uit bedrijf length:8 name:ZRWDATUI type:esriFieldTypeDate} { alias:Opmerkingen length:255 name:OPMERKINGEN type:esriFieldTypeString} { alias:GLOBALID length:38 name:GLOBALID type:esriFieldTypeGlobalID} { alias:Eigenaar length:255 name:IWS_EIGENAAR type:esriFieldTypeString} { alias:Latitude name:LATITUDE type:esriFieldTypeDouble} { alias:Longitude name:LONGITUDE type:esriFieldTypeDouble} { alias:Verkorte naam length:10 name:ZRWVERKORT type:esriFieldTypeString} { alias:Ontwerpcapaciteit IE, 150TZV name:OC_IE type:esriFieldTypeDouble} { alias:Ontwerpcapaciteit m3/h name:OC_MAX type:esriFieldTypeDouble} { alias:Ontwerpcapaciteit IE, 54BZV name:OC_IE_BZV type:esriFieldTypeDouble} { alias:Straat length:150 name:STRAAT type:esriFieldTypeString} { alias:Plaats length:50 name:PLAATS type:esriFieldTypeString} { alias:Huisnummer length:10 name:NUMMER type:esriFieldTypeString} { alias:Postcode length:6 name:POSTCODE type:esriFieldTypeString} { alias:Regio name:REGIO type:esriFieldTypeInteger} { alias:RWZI type name:ZRW_TYPE type:esriFieldTypeInteger} { alias:Status name:ZRWSTATUS type:esriFieldTypeInteger}};16783107;ZDL_;0901;RWZI Dreumel;788918400000;NULL;{063b9028-ea68-4d3e-a282-6d35636f6827};Waterschap;51.828397;5.439097;661;9000.0;380.0;7500.0;Kooiweg;Dreumel;3;6621KX;3;3;2;NULL
1001;RWZI_8;2024-12-09;1.55;No;16.9;13.65;44059;97.22;0.8;6;Renewable;2.78;8.96;10;1397.84;ZRW_TYPE_OUD;{ globalid:GLOBALID iws_eigenaar:Eigenaar latitude:Latitude longitude:Longitude nummer:Huisnummer objectid:OBJECTID oc_ie:Ontwerpcapaciteit IE, 150TZV oc_ie_bzv:Ontwerpcapaciteit IE, 54BZV oc_max:Ontwerpcapaciteit m3/h opmerkingen:Opmerkingen plaats:Plaats postcode:Postcode regio:Regio straat:Straat zrw_type:RWZI type zrwdatin:Datum in bedrijf zrwdatui:Datum uit bedrijf zrwident:Code zrwnaam:Naam RWZI zrwstatus:Status zrwverkort:Verkorte naam zui_zpiident:ID Zuiveringsinstallatie};{ { alias:OBJECTID name:OBJECTID type:esriFieldTypeOID} { alias:Code length:24 name:ZRWIDENT type:esriFieldTypeString} { alias:ID Zuiveringsinstallatie length:24 name:ZUI_ZPIIDENT type:esriFieldTypeString} { alias:Naam RWZI length:50 name:ZRWNAAM type:esriFieldTypeString} { alias:Datum in bedrijf length:8 name:ZRWDATIN type:esriFieldTypeDate} { alias:Datum uit bedrijf length:8 name:ZRWDATUI type:esriFieldTypeDate} { alias:Opmerkingen length:255 name:OPMERKINGEN type:esriFieldTypeString} { alias:GLOBALID length:38 name:GLOBALID type:esriFieldTypeGlobalID} { alias:Eigenaar length:255 name:IWS_EIGENAAR type:esriFieldTypeString} { alias:Latitude name:LATITUDE type:esriFieldTypeDouble} { alias:Longitude name:LONGITUDE type:esriFieldTypeDouble} { alias:Verkorte naam length:10 name:ZRWVERKORT type:esriFieldTypeString} { alias:Ontwerpcapaciteit IE, 150TZV name:OC_IE type:esriFieldTypeDouble} { alias:Ontwerpcapaciteit m3/h name:OC_MAX type:esriFieldTypeDouble} { alias:Ontwerpcapaciteit IE, 54BZV name:OC_IE_BZV type:esriFieldTypeDouble} { alias:Straat length:150 name:STRAAT type:esriFieldTypeString} { alias:Plaats length:50 name:PLAATS type:esriFieldTypeString} { alias:Huisnummer length:10 name:NUMMER type:esriFieldTypeString} { alias:Postcode length:6 name:POSTCODE type:esriFieldTypeString} { alias:Regio name:REGIO type:esriFieldTypeInteger} { alias:RWZI type name:ZRW_TYPE type:esriFieldTypeInteger} { alias:Status name:ZRWSTATUS type:esriFieldTypeInteger}};16783117;ZDR_;1001;RWZI Druten;852076800000;NULL;{11401b15-0768-4b46-9f43-bfb81a97e27d};Waterschap;51.892275;5.592108;666;44000.0;1700.0;35000.0;Heersweg;Druten;29;6651BP;3;3;2;NULL
1401;RWZI_9;2024-12-09;2.65;No;29.7;33.27;37977;94.79;0.72;1;Non-Renewable;1.15;8.28;16;1761.35;ZRW_TYPE_OUD;{ globalid:GLOBALID iws_eigenaar:Eigenaar latitude:Latitude longitude:Longitude nummer:Huisnummer objectid:OBJECTID oc_ie:Ontwerpcapaciteit IE, 150TZV oc_ie_bzv:Ontwerpcapaciteit IE, 54BZV oc_max:Ontwerpcapaciteit m3/h opmerkingen:Opmerkingen plaats:Plaats postcode:Postcode regio:Regio straat:Straat zrw_type:RWZI type zrwdatin:Datum in bedrijf zrwdatui:Datum uit bedrijf zrwident:Code zrwnaam:Naam RWZI zrwstatus:Status zrwverkort:Verkorte naam zui_zpiident:ID Zuiveringsinstallatie};{ { alias:OBJECTID name:OBJECTID type:esriFieldTypeOID} { alias:Code length:24 name:ZRWIDENT type:esriFieldTypeString} { alias:ID Zuiveringsinstallatie length:24 name:ZUI_ZPIIDENT type:esriFieldTypeString} { alias:Naam RWZI length:50 name:ZRWNAAM type:esriFieldTypeString} { alias:Datum in bedrijf length:8 name:ZRWDATIN type:esriFieldTypeDate} { alias:Datum uit bedrijf length:8 name:ZRWDATUI type:esriFieldTypeDate} { alias:Opmerkingen length:255 name:OPMERKINGEN type:esriFieldTypeString} { alias:GLOBALID length:38 name:GLOBALID type:esriFieldTypeGlobalID} { alias:Eigenaar length:255 name:IWS_EIGENAAR type:esriFieldTypeString} { alias:Latitude name:LATITUDE type:esriFieldTypeDouble} { alias:Longitude name:LONGITUDE type:esriFieldTypeDouble} { alias:Verkorte naam length:10 name:ZRWVERKORT type:esriFieldTypeString} { alias:Ontwerpcapaciteit IE, 150TZV name:OC_IE type:esriFieldTypeDouble} { alias:Ontwerpcapaciteit m3/h name:OC_MAX type:esriFieldTypeDouble} { alias:Ontwerpcapaciteit IE, 54BZV name:OC_IE_BZV type:esriFieldTypeDouble} { alias:Straat length:150 name:STRAAT type:esriFieldTypeString} { alias:Plaats length:50 name:PLAATS type:esriFieldTypeString} { alias:Huisnummer length:10 name:NUMMER type:esriFieldTypeString} { alias:Postcode length:6 name:POSTCODE type:esriFieldTypeString} { alias:Regio name:REGIO type:esriFieldTypeInteger} { alias:RWZI type name:ZRW_TYPE type:esriFieldTypeInteger} { alias:Status name:ZRWSTATUS type:esriFieldTypeInteger}};16783147;ZGE_;1401;RWZI Geldermalsen;1293840000000;NULL;{b4d10cf4-0b83-448b-acb4-c8a8d4b126b6};Waterschap;51.886852;5.276563;431;36000.0;1575.0;25000.0;Trichtsevoetpad;Geldermalsen;4;4191LA;4;3;2;NULL
1501;RWZI_10;2024-12-09;2.29;Yes;-4.8;46.07;30806;74.06;0.78;7;Renewable;2.37;18.07;19;1505.87;ZRW_TYPE_OUD;{ globalid:GLOBALID iws_eigenaar:Eigenaar latitude:Latitude longitude:Longitude nummer:Huisnummer objectid:OBJECTID oc_ie:Ontwerpcapaciteit IE, 150TZV oc_ie_bzv:Ontwerpcapaciteit IE, 54BZV oc_max:Ontwerpcapaciteit m3/h opmerkingen:Opmerkingen plaats:Plaats postcode:Postcode regio:Regio straat:Straat zrw_type:RWZI type zrwdatin:Datum in bedrijf zrwdatui:Datum uit bedrijf zrwident:Code zrwnaam:Naam RWZI zrwstatus:Status zrwverkort:Verkorte naam zui_zpiident:ID Zuiveringsinstallatie};{ { alias:OBJECTID name:OBJECTID type:esriFieldTypeOID} { alias:Code length:24 name:ZRWIDENT type:esriFieldTypeString} { alias:ID Zuiveringsinstallatie length:24 name:ZUI_ZPIIDENT type:esriFieldTypeString} { alias:Naam RWZI length:50 name:ZRWNAAM type:esriFieldTypeString} { alias:Datum in bedrijf length:8 name:ZRWDATIN type:esriFieldTypeDate} { alias:Datum uit bedrijf length:8 name:ZRWDATUI type:esriFieldTypeDate} { alias:Opmerkingen length:255 name:OPMERKINGEN type:esriFieldTypeString} { alias:GLOBALID length:38 name:GLOBALID type:esriFieldTypeGlobalID} { alias:Eigenaar length:255 name:IWS_EIGENAAR type:esriFieldTypeString} { alias:Latitude name:LATITUDE type:esriFieldTypeDouble} { alias:Longitude name:LONGITUDE type:esriFieldTypeDouble} { alias:Verkorte naam length:10 name:ZRWVERKORT type:esriFieldTypeString} { alias:Ontwerpcapaciteit IE, 150TZV name:OC_IE type:esriFieldTypeDouble} { alias:Ontwerpcapaciteit m3/h name:OC_MAX type:esriFieldTypeDouble} { alias:Ontwerpcapaciteit IE, 54BZV name:OC_IE_BZV type:esriFieldTypeDouble} { alias:Straat length:150 name:STRAAT type:esriFieldTypeString} { alias:Plaats length:50 name:PLAATS type:esriFieldTypeString} { alias:Huisnummer length:10 name:NUMMER type:esriFieldTypeString} { alias:Postcode length:6 name:POSTCODE type:esriFieldTypeString} { alias:Regio name:REGIO type:esriFieldTypeInteger} { alias:RWZI type name:ZRW_TYPE type:esriFieldTypeInteger} { alias:Status name:ZRWSTATUS type:esriFieldTypeInteger}};16783157;ZGT_;1501;RWZI Gendt;694224000000;NULL;{3845fb1d-c495-4802-bce9-e5f24f256cfc};Waterschap;51.87234;5.944488;113;42000.0;1500.0;35000.0;Mekrisveld;Gendt;1;6691MN;2;3;2;NULL
1601;RWZI_11;2024-12-09;2.34;No;14.6;25.63;26824;80.21;0.87;8;Non-Renewable;2.71;4.85;4;1156.8;ZRW_TYPE_OUD;{ globalid:GLOBALID iws_eigenaar:Eigenaar latitude:Latitude longitude:Longitude nummer:Huisnummer objectid:OBJECTID oc_ie:Ontwerpcapaciteit IE, 150TZV oc_ie_bzv:Ontwerpcapaciteit IE, 54BZV oc_max:Ontwerpcapaciteit m3/h opmerkingen:Opmerkingen plaats:Plaats postcode:Postcode regio:Regio straat:Straat zrw_type:RWZI type zrwdatin:Datum in bedrijf zrwdatui:Datum uit bedrijf zrwident:Code zrwnaam:Naam RWZI zrwstatus:Status zrwverkort:Verkorte naam zui_zpiident:ID Zuiveringsinstallatie};{ { alias:OBJECTID name:OBJECTID type:esriFieldTypeOID} { alias:Code length:24 name:ZRWIDENT type:esriFieldTypeString} { alias:ID Zuiveringsinstallatie length:24 name:ZUI_ZPIIDENT type:esriFieldTypeString} { alias:Naam RWZI length:50 name:ZRWNAAM type:esriFieldTypeString} { alias:Datum in bedrijf length:8 name:ZRWDATIN type:esriFieldTypeDate} { alias:Datum uit bedrijf length:8 name:ZRWDATUI type:esriFieldTypeDate} { alias:Opmerkingen length:255 name:OPMERKINGEN type:esriFieldTypeString} { alias:GLOBALID length:38 name:GLOBALID type:esriFieldTypeGlobalID} { alias:Eigenaar length:255 name:IWS_EIGENAAR type:esriFieldTypeString} { alias:Latitude name:LATITUDE type:esriFieldTypeDouble} { alias:Longitude name:LONGITUDE type:esriFieldTypeDouble} { alias:Verkorte naam length:10 name:ZRWVERKORT type:esriFieldTypeString} { alias:Ontwerpcapaciteit IE, 150TZV name:OC_IE type:esriFieldTypeDouble} { alias:Ontwerpcapaciteit m3/h name:OC_MAX type:esriFieldTypeDouble} { alias:Ontwerpcapaciteit IE, 54BZV name:OC_IE_BZV type:esriFieldTypeDouble} { alias:Straat length:150 name:STRAAT type:esriFieldTypeString} { alias:Plaats length:50 name:PLAATS type:esriFieldTypeString} { alias:Huisnummer length:10 name:NUMMER type:esriFieldTypeString} { alias:Postcode length:6 name:POSTCODE type:esriFieldTypeString} { alias:Regio name:REGIO type:esriFieldTypeInteger} { alias:RWZI type name:ZRW_TYPE type:esriFieldTypeInteger} { alias:Status name:ZRWSTATUS type:esriFieldTypeInteger}};16783167;ZGO_;1601;RWZI Gorinchem;631152000000;NULL;{471976cb-60e7-4634-869f-357f7e07e656};Waterschap;51.837695;5.008852;445;29000.0;1136.0;24000.0;Griendweg;Gorinchem;4a;4213KC;4;3;2;NULL
1701;RWZI_12;2024-12-09;2.1;Yes;20.7;3.15;16793;68.36;0.87;2;Renewable;1.76;7.09;49;1010.7;ZRW_TYPE_OUD;{ globalid:GLOBALID iws_eigenaar:Eigenaar latitude:Latitude longitude:Longitude nummer:Huisnummer objectid:OBJECTID oc_ie:Ontwerpcapaciteit IE, 150TZV oc_ie_bzv:Ontwerpcapaciteit IE, 54BZV oc_max:Ontwerpcapaciteit m3/h opmerkingen:Opmerkingen plaats:Plaats postcode:Postcode regio:Regio straat:Straat zrw_type:RWZI type zrwdatin:Datum in bedrijf zrwdatui:Datum uit bedrijf zrwident:Code zrwnaam:Naam RWZI zrwstatus:Status zrwverkort:Verkorte naam zui_zpiident:ID Zuiveringsinstallatie};{ { alias:OBJECTID name:OBJECTID type:esriFieldTypeOID} { alias:Code length:24 name:ZRWIDENT type:esriFieldTypeString} { alias:ID Zuiveringsinstallatie length:24 name:ZUI_ZPIIDENT type:esriFieldTypeString} { alias:Naam RWZI length:50 name:ZRWNAAM type:esriFieldTypeString} { alias:Datum in bedrijf length:8 name:ZRWDATIN type:esriFieldTypeDate} { alias:Datum uit bedrijf length:8 name:ZRWDATUI type:esriFieldTypeDate} { alias:Opmerkingen length:255 name:OPMERKINGEN type:esriFieldTypeString} { alias:GLOBALID length:38 name:GLOBALID type:esriFieldTypeGlobalID} { alias:Eigenaar length:255 name:IWS_EIGENAAR type:esriFieldTypeString} { alias:Latitude name:LATITUDE type:esriFieldTypeDouble} { alias:Longitude name:LONGITUDE type:esriFieldTypeDouble} { alias:Verkorte naam length:10 name:ZRWVERKORT type:esriFieldTypeString} { alias:Ontwerpcapaciteit IE, 150TZV name:OC_IE type:esriFieldTypeDouble} { alias:Ontwerpcapaciteit m3/h name:OC_MAX type:esriFieldTypeDouble} { alias:Ontwerpcapaciteit IE, 54BZV name:OC_IE_BZV type:esriFieldTypeDouble} { alias:Straat length:150 name:STRAAT type:esriFieldTypeString} { alias:Plaats length:50 name:PLAATS type:esriFieldTypeString} { alias:Huisnummer length:10 name:NUMMER type:esriFieldTypeString} { alias:Postcode length:6 name:POSTCODE type:esriFieldTypeString} { alias:Regio name:REGIO type:esriFieldTypeInteger} { alias:RWZI type name:ZRW_TYPE type:esriFieldTypeInteger} { alias:Status name:ZRWSTATUS type:esriFieldTypeInteger}};16783177;ZGB_;1701;RWZI Groesbeek;788918400000;NULL;{734e0b99-d69b-4408-bd71-b920da944f52};Waterschap;51.759472;5.953818;877;25000.0;900.0;20000.0;Bruuk;Groesbeek;69;6562KK;3;3;2;NULL
1801;RWZI_13;2024-12-09;1.06;Yes;0.3;48.73;43541;54.16;0.77;8;Renewable;1.03;3.13;48;1717.11;ZRW_TYPE_OUD;{ globalid:GLOBALID iws_eigenaar:Eigenaar latitude:Latitude longitude:Longitude nummer:Huisnummer objectid:OBJECTID oc_ie:Ontwerpcapaciteit IE, 150TZV oc_ie_bzv:Ontwerpcapaciteit IE, 54BZV oc_max:Ontwerpcapaciteit m3/h opmerkingen:Opmerkingen plaats:Plaats postcode:Postcode regio:Regio straat:Straat zrw_type:RWZI type zrwdatin:Datum in bedrijf zrwdatui:Datum uit bedrijf zrwident:Code zrwnaam:Naam RWZI zrwstatus:Status zrwverkort:Verkorte naam zui_zpiident:ID Zuiveringsinstallatie};{ { alias:OBJECTID name:OBJECTID type:esriFieldTypeOID} { alias:Code length:24 name:ZRWIDENT type:esriFieldTypeString} { alias:ID Zuiveringsinstallatie length:24 name:ZUI_ZPIIDENT type:esriFieldTypeString} { alias:Naam RWZI length:50 name:ZRWNAAM type:esriFieldTypeString} { alias:Datum in bedrijf length:8 name:ZRWDATIN type:esriFieldTypeDate} { alias:Datum uit bedrijf length:8 name:ZRWDATUI type:esriFieldTypeDate} { alias:Opmerkingen length:255 name:OPMERKINGEN type:esriFieldTypeString} { alias:GLOBALID length:38 name:GLOBALID type:esriFieldTypeGlobalID} { alias:Eigenaar length:255 name:IWS_EIGENAAR type:esriFieldTypeString} { alias:Latitude name:LATITUDE type:esriFieldTypeDouble} { alias:Longitude name:LONGITUDE type:esriFieldTypeDouble} { alias:Verkorte naam length:10 name:ZRWVERKORT type:esriFieldTypeString} { alias:Ontwerpcapaciteit IE, 150TZV name:OC_IE type:esriFieldTypeDouble} { alias:Ontwerpcapaciteit m3/h name:OC_MAX type:esriFieldTypeDouble} { alias:Ontwerpcapaciteit IE, 54BZV name:OC_IE_BZV type:esriFieldTypeDouble} { alias:Straat length:150 name:STRAAT type:esriFieldTypeString} { alias:Plaats length:50 name:PLAATS type:esriFieldTypeString} { alias:Huisnummer length:10 name:NUMMER type:esriFieldTypeString} { alias:Postcode length:6 name:POSTCODE type:esriFieldTypeString} { alias:Regio name:REGIO type:esriFieldTypeInteger} { alias:RWZI type name:ZRW_TYPE type:esriFieldTypeInteger} { alias:Status name:ZRWSTATUS type:esriFieldTypeInteger}};16783187;ZHA_;1801;RWZI Haaften;788918400000;NULL;{4b419af0-e36b-4f85-8bf1-0dbd4045297a};Waterschap;51.822851;5.223554;449;15000.0;570.0;12500.0;Graaf Reinaldweg;Haaften;7;4175LG;4;3;2;NULL
2201;RWZI_14;2024-12-09;3.72;Yes;31.2;23.4;44992;2.9;0.81;9;Non-Renewable;1.68;0.05;6;1747.15;ZRW_TYPE_OUD;{ globalid:GLOBALID iws_eigenaar:Eigenaar latitude:Latitude longitude:Longitude nummer:Huisnummer objectid:OBJECTID oc_ie:Ontwerpcapaciteit IE, 150TZV oc_ie_bzv:Ontwerpcapaciteit IE, 54BZV oc_max:Ontwerpcapaciteit m3/h opmerkingen:Opmerkingen plaats:Plaats postcode:Postcode regio:Regio straat:Straat zrw_type:RWZI type zrwdatin:Datum in bedrijf zrwdatui:Datum uit bedrijf zrwident:Code zrwnaam:Naam RWZI zrwstatus:Status zrwverkort:Verkorte naam zui_zpiident:ID Zuiveringsinstallatie};{ { alias:OBJECTID name:OBJECTID type:esriFieldTypeOID} { alias:Code length:24 name:ZRWIDENT type:esriFieldTypeString} { alias:ID Zuiveringsinstallatie length:24 name:ZUI_ZPIIDENT type:esriFieldTypeString} { alias:Naam RWZI length:50 name:ZRWNAAM type:esriFieldTypeString} { alias:Datum in bedrijf length:8 name:ZRWDATIN type:esriFieldTypeDate} { alias:Datum uit bedrijf length:8 name:ZRWDATUI type:esriFieldTypeDate} { alias:Opmerkingen length:255 name:OPMERKINGEN type:esriFieldTypeString} { alias:GLOBALID length:38 name:GLOBALID type:esriFieldTypeGlobalID} { alias:Eigenaar length:255 name:IWS_EIGENAAR type:esriFieldTypeString} { alias:Latitude name:LATITUDE type:esriFieldTypeDouble} { alias:Longitude name:LONGITUDE type:esriFieldTypeDouble} { alias:Verkorte naam length:10 name:ZRWVERKORT type:esriFieldTypeString} { alias:Ontwerpcapaciteit IE, 150TZV name:OC_IE type:esriFieldTypeDouble} { alias:Ontwerpcapaciteit m3/h name:OC_MAX type:esriFieldTypeDouble} { alias:Ontwerpcapaciteit IE, 54BZV name:OC_IE_BZV type:esriFieldTypeDouble} { alias:Straat length:150 name:STRAAT type:esriFieldTypeString} { alias:Plaats length:50 name:PLAATS type:esriFieldTypeString} { alias:Huisnummer length:10 name:NUMMER type:esriFieldTypeString} { alias:Postcode length:6 name:POSTCODE type:esriFieldTypeString} { alias:Regio name:REGIO type:esriFieldTypeInteger} { alias:RWZI type name:ZRW_TYPE type:esriFieldTypeInteger} { alias:Status name:ZRWSTATUS type:esriFieldTypeInteger}};16783207;ZMB_;2201;RWZI Maasbommel;441763200000;NULL;{e73ed337-1863-4864-b604-51e79ee65dd0};Waterschap;51.829909;5.522638;662;7000.0;150.0;5600.0;Kapelstraat;Maasbommel;23;6627AV;3;3;2;NULL
2301;RWZI_15;2024-12-09;2.01;Yes;14.6;9.39;10602;68.35;0.92;2;Non-Renewable;2.44;2.57;35;1055.58;ZRW_TYPE_OUD;{ globalid:GLOBALID iws_eigenaar:Eigenaar latitude:Latitude longitude:Longitude nummer:Huisnummer objectid:OBJECTID oc_ie:Ontwerpcapaciteit IE, 150TZV oc_ie_bzv:Ontwerpcapaciteit IE, 54BZV oc_max:Ontwerpcapaciteit m3/h opmerkingen:Opmerkingen plaats:Plaats postcode:Postcode regio:Regio straat:Straat zrw_type:RWZI type zrwdatin:Datum in bedrijf zrwdatui:Datum uit bedrijf zrwident:Code zrwnaam:Naam RWZI zrwstatus:Status zrwverkort:Verkorte naam zui_zpiident:ID Zuiveringsinstallatie};{ { alias:OBJECTID name:OBJECTID type:esriFieldTypeOID} { alias:Code length:24 name:ZRWIDENT type:esriFieldTypeString} { alias:ID Zuiveringsinstallatie length:24 name:ZUI_ZPIIDENT type:esriFieldTypeString} { alias:Naam RWZI length:50 name:ZRWNAAM type:esriFieldTypeString} { alias:Datum in bedrijf length:8 name:ZRWDATIN type:esriFieldTypeDate} { alias:Datum uit bedrijf length:8 name:ZRWDATUI type:esriFieldTypeDate} { alias:Opmerkingen length:255 name:OPMERKINGEN type:esriFieldTypeString} { alias:GLOBALID length:38 name:GLOBALID type:esriFieldTypeGlobalID} { alias:Eigenaar length:255 name:IWS_EIGENAAR type:esriFieldTypeString} { alias:Latitude name:LATITUDE type:esriFieldTypeDouble} { alias:Longitude name:LONGITUDE type:esriFieldTypeDouble} { alias:Verkorte naam length:10 name:ZRWVERKORT type:esriFieldTypeString} { alias:Ontwerpcapaciteit IE, 150TZV name:OC_IE type:esriFieldTypeDouble} { alias:Ontwerpcapaciteit m3/h name:OC_MAX type:esriFieldTypeDouble} { alias:Ontwerpcapaciteit IE, 54BZV name:OC_IE_BZV type:esriFieldTypeDouble} { alias:Straat length:150 name:STRAAT type:esriFieldTypeString} { alias:Plaats length:50 name:PLAATS type:esriFieldTypeString} { alias:Huisnummer length:10 name:NUMMER type:esriFieldTypeString} { alias:Postcode length:6 name:POSTCODE type:esriFieldTypeString} { alias:Regio name:REGIO type:esriFieldTypeInteger} { alias:RWZI type name:ZRW_TYPE type:esriFieldTypeInteger} { alias:Status name:ZRWSTATUS type:esriFieldTypeInteger}};16783217;ZML_;2301;RWZI Millingen aan de Rijn;820454400000;NULL;{c1f2c5ec-dac5-42ae-bd01-5969f43cb5c2};Waterschap;51.86501;6.022569;878;13000.0;510.0;11000.0;Botsestraat;Kekerdom;100;6579JC;3;3;2;NULL
2501;RWZI_16;2024-12-09;1.24;No;14.9;6.87;16715;73.03;0.76;10;Non-Renewable;1.37;19.07;39;1126.71;ZRW_TYPE_OUD;{ globalid:GLOBALID iws_eigenaar:Eigenaar latitude:Latitude longitude:Longitude nummer:Huisnummer objectid:OBJECTID oc_ie:Ontwerpcapaciteit IE, 150TZV oc_ie_bzv:Ontwerpcapaciteit IE, 54BZV oc_max:Ontwerpcapaciteit m3/h opmerkingen:Opmerkingen plaats:Plaats postcode:Postcode regio:Regio straat:Straat zrw_type:RWZI type zrwdatin:Datum in bedrijf zrwdatui:Datum uit bedrijf zrwident:Code zrwnaam:Naam RWZI zrwstatus:Status zrwverkort:Verkorte naam zui_zpiident:ID Zuiveringsinstallatie};{ { alias:OBJECTID name:OBJECTID type:esriFieldTypeOID} { alias:Code length:24 name:ZRWIDENT type:esriFieldTypeString} { alias:ID Zuiveringsinstallatie length:24 name:ZUI_ZPIIDENT type:esriFieldTypeString} { alias:Naam RWZI length:50 name:ZRWNAAM type:esriFieldTypeString} { alias:Datum in bedrijf length:8 name:ZRWDATIN type:esriFieldTypeDate} { alias:Datum uit bedrijf length:8 name:ZRWDATUI type:esriFieldTypeDate} { alias:Opmerkingen length:255 name:OPMERKINGEN type:esriFieldTypeString} { alias:GLOBALID length:38 name:GLOBALID type:esriFieldTypeGlobalID} { alias:Eigenaar length:255 name:IWS_EIGENAAR type:esriFieldTypeString} { alias:Latitude name:LATITUDE type:esriFieldTypeDouble} { alias:Longitude name:LONGITUDE type:esriFieldTypeDouble} { alias:Verkorte naam length:10 name:ZRWVERKORT type:esriFieldTypeString} { alias:Ontwerpcapaciteit IE, 150TZV name:OC_IE type:esriFieldTypeDouble} { alias:Ontwerpcapaciteit m3/h name:OC_MAX type:esriFieldTypeDouble} { alias:Ontwerpcapaciteit IE, 54BZV name:OC_IE_BZV type:esriFieldTypeDouble} { alias:Straat length:150 name:STRAAT type:esriFieldTypeString} { alias:Plaats length:50 name:PLAATS type:esriFieldTypeString} { alias:Huisnummer length:10 name:NUMMER type:esriFieldTypeString} { alias:Postcode length:6 name:POSTCODE type:esriFieldTypeString} { alias:Regio name:REGIO type:esriFieldTypeInteger} { alias:RWZI type name:ZRW_TYPE type:esriFieldTypeInteger} { alias:Status name:ZRWSTATUS type:esriFieldTypeInteger}};16783227;ZNY_;2501;RWZI Nijmegen;1041379200000;NULL;{2346b44f-4392-4f08-801d-724f5435e533};Waterschap;51.847869;5.797712;771;400000.0;16000.0;330000.0;Jonkerstraat;Weurt;42;6551DK;3;3;2;NULL
2601;RWZI_17;2024-12-09;3.0;No;24.5;24.43;4017;36.32;0.95;8;Renewable;2.58;1.2;10;523.92;ZRW_TYPE_OUD;{ globalid:GLOBALID iws_eigenaar:Eigenaar latitude:Latitude longitude:Longitude nummer:Huisnummer objectid:OBJECTID oc_ie:Ontwerpcapaciteit IE, 150TZV oc_ie_bzv:Ontwerpcapaciteit IE, 54BZV oc_max:Ontwerpcapaciteit m3/h opmerkingen:Opmerkingen plaats:Plaats postcode:Postcode regio:Regio straat:Straat zrw_type:RWZI type zrwdatin:Datum in bedrijf zrwdatui:Datum uit bedrijf zrwident:Code zrwnaam:Naam RWZI zrwstatus:Status zrwverkort:Verkorte naam zui_zpiident:ID Zuiveringsinstallatie};{ { alias:OBJECTID name:OBJECTID type:esriFieldTypeOID} { alias:Code length:24 name:ZRWIDENT type:esriFieldTypeString} { alias:ID Zuiveringsinstallatie length:24 name:ZUI_ZPIIDENT type:esriFieldTypeString} { alias:Naam RWZI length:50 name:ZRWNAAM type:esriFieldTypeString} { alias:Datum in bedrijf length:8 name:ZRWDATIN type:esriFieldTypeDate} { alias:Datum uit bedrijf length:8 name:ZRWDATUI type:esriFieldTypeDate} { alias:Opmerkingen length:255 name:OPMERKINGEN type:esriFieldTypeString} { alias:GLOBALID length:38 name:GLOBALID type:esriFieldTypeGlobalID} { alias:Eigenaar length:255 name:IWS_EIGENAAR type:esriFieldTypeString} { alias:Latitude name:LATITUDE type:esriFieldTypeDouble} { alias:Longitude name:LONGITUDE type:esriFieldTypeDouble} { alias:Verkorte naam length:10 name:ZRWVERKORT type:esriFieldTypeString} { alias:Ontwerpcapaciteit IE, 150TZV name:OC_IE type:esriFieldTypeDouble} { alias:Ontwerpcapaciteit m3/h name:OC_MAX type:esriFieldTypeDouble} { alias:Ontwerpcapaciteit IE, 54BZV name:OC_IE_BZV type:esriFieldTypeDouble} { alias:Straat length:150 name:STRAAT type:esriFieldTypeString} { alias:Plaats length:50 name:PLAATS type:esriFieldTypeString} { alias:Huisnummer length:10 name:NUMMER type:esriFieldTypeString} { alias:Postcode length:6 name:POSTCODE type:esriFieldTypeString} { alias:Regio name:REGIO type:esriFieldTypeInteger} { alias:RWZI type name:ZRW_TYPE type:esriFieldTypeInteger} { alias:Status name:ZRWSTATUS type:esriFieldTypeInteger}};16783237;ZOV_;2601;RWZI Overasselt;189302400000;NULL;{8202ac17-cc9e-4404-8a5f-392c41c05785};Waterschap;51.757903;5.801143;864;12000.0;300.0;10000.0;Maasdijk;Overasselt;NULL;6611KW;3;3;2;aan ongenummerde Maasbandijk, 500 m na Oude Kleefsebaan 3A
2801;RWZI_18;2024-12-09;1.48;Yes;15.9;20.57;45365;66.95;0.73;8;Non-Renewable;2.43;6.4;46;2000.07;ZRW_TYPE_OUD;{ globalid:GLOBALID iws_eigenaar:Eigenaar latitude:Latitude longitude:Longitude nummer:Huisnummer objectid:OBJECTID oc_ie:Ontwerpcapaciteit IE, 150TZV oc_ie_bzv:Ontwerpcapaciteit IE, 54BZV oc_max:Ontwerpcapaciteit m3/h opmerkingen:Opmerkingen plaats:Plaats postcode:Postcode regio:Regio straat:Straat zrw_type:RWZI type zrwdatin:Datum in bedrijf zrwdatui:Datum uit bedrijf zrwident:Code zrwnaam:Naam RWZI zrwstatus:Status zrwverkort:Verkorte naam zui_zpiident:ID Zuiveringsinstallatie};{ { alias:OBJECTID name:OBJECTID type:esriFieldTypeOID} { alias:Code length:24 name:ZRWIDENT type:esriFieldTypeString} { alias:ID Zuiveringsinstallatie length:24 name:ZUI_ZPIIDENT type:esriFieldTypeString} { alias:Naam RWZI length:50 name:ZRWNAAM type:esriFieldTypeString} { alias:Datum in bedrijf length:8 name:ZRWDATIN type:esriFieldTypeDate} { alias:Datum uit bedrijf length:8 name:ZRWDATUI type:esriFieldTypeDate} { alias:Opmerkingen length:255 name:OPMERKINGEN type:esriFieldTypeString} { alias:GLOBALID length:38 name:GLOBALID type:esriFieldTypeGlobalID} { alias:Eigenaar length:255 name:IWS_EIGENAAR type:esriFieldTypeString} { alias:Latitude name:LATITUDE type:esriFieldTypeDouble} { alias:Longitude name:LONGITUDE type:esriFieldTypeDouble} { alias:Verkorte naam length:10 name:ZRWVERKORT type:esriFieldTypeString} { alias:Ontwerpcapaciteit IE, 150TZV name:OC_IE type:esriFieldTypeDouble} { alias:Ontwerpcapaciteit m3/h name:OC_MAX type:esriFieldTypeDouble} { alias:Ontwerpcapaciteit IE, 54BZV name:OC_IE_BZV type:esriFieldTypeDouble} { alias:Straat length:150 name:STRAAT type:esriFieldTypeString} { alias:Plaats length:50 name:PLAATS type:esriFieldTypeString} { alias:Huisnummer length:10 name:NUMMER type:esriFieldTypeString} { alias:Postcode length:6 name:POSTCODE type:esriFieldTypeString} { alias:Regio name:REGIO type:esriFieldTypeInteger} { alias:RWZI type name:ZRW_TYPE type:esriFieldTypeInteger} { alias:Status name:ZRWSTATUS type:esriFieldTypeInteger}};16783247;ZTI_;2801;RWZI Tiel;1104537600000;NULL;{cbfdb692-f553-4f4e-8428-66b23afb2e4f};Waterschap;51.916279;5.431522;325;120000.0;4130.0;85000.0;Siemensstraat;Tiel;2;4004KG;2;3;2;NULL
3101;RWZI_19;2024-12-09;1.38;Yes;33.9;13.97;23337;60.9;0.93;7;Renewable;1.27;13.38;23;1261.51;ZRW_TYPE_OUD;{ globalid:GLOBALID iws_eigenaar:Eigenaar latitude:Latitude longitude:Longitude nummer:Huisnummer objectid:OBJECTID oc_ie:Ontwerpcapaciteit IE, 150TZV oc_ie_bzv:Ontwerpcapaciteit IE, 54BZV oc_max:Ontwerpcapaciteit m3/h opmerkingen:Opmerkingen plaats:Plaats postcode:Postcode regio:Regio straat:Straat zrw_type:RWZI type zrwdatin:Datum in bedrijf zrwdatui:Datum uit bedrijf zrwident:Code zrwnaam:Naam RWZI zrwstatus:Status zrwverkort:Verkorte naam zui_zpiident:ID Zuiveringsinstallatie};{ { alias:OBJECTID name:OBJECTID type:esriFieldTypeOID} { alias:Code length:24 name:ZRWIDENT type:esriFieldTypeString} { alias:ID Zuiveringsinstallatie length:24 name:ZUI_ZPIIDENT type:esriFieldTypeString} { alias:Naam RWZI length:50 name:ZRWNAAM type:esriFieldTypeString} { alias:Datum in bedrijf length:8 name:ZRWDATIN type:esriFieldTypeDate} { alias:Datum uit bedrijf length:8 name:ZRWDATUI type:esriFieldTypeDate} { alias:Opmerkingen length:255 name:OPMERKINGEN type:esriFieldTypeString} { alias:GLOBALID length:38 name:GLOBALID type:esriFieldTypeGlobalID} { alias:Eigenaar length:255 name:IWS_EIGENAAR type:esriFieldTypeString} { alias:Latitude name:LATITUDE type:esriFieldTypeDouble} { alias:Longitude name:LONGITUDE type:esriFieldTypeDouble} { alias:Verkorte naam length:10 name:ZRWVERKORT type:esriFieldTypeString} { alias:Ontwerpcapaciteit IE, 150TZV name:OC_IE type:esriFieldTypeDouble} { alias:Ontwerpcapaciteit m3/h name:OC_MAX type:esriFieldTypeDouble} { alias:Ontwerpcapaciteit IE, 54BZV name:OC_IE_BZV type:esriFieldTypeDouble} { alias:Straat length:150 name:STRAAT type:esriFieldTypeString} { alias:Plaats length:50 name:PLAATS type:esriFieldTypeString} { alias:Huisnummer length:10 name:NUMMER type:esriFieldTypeString} { alias:Postcode length:6 name:POSTCODE type:esriFieldTypeString} { alias:Regio name:REGIO type:esriFieldTypeInteger} { alias:RWZI type name:ZRW_TYPE type:esriFieldTypeInteger} { alias:Status name:ZRWSTATUS type:esriFieldTypeInteger}};16783267;ZBO_;3101;RWZI Zaltbommel;820454400000;NULL;{a73788d4-f3d7-45c6-8282-27fa14abe1b5};Waterschap;51.815821;5.266656;555;66000.0;3000.0;55000.0;Onderlangsweg;Zaltbommel;3;5301KN;5;3;2;NULL
3201;RWZI_20;2024-12-09;2.35;Yes;2.7;19.47;49382;53.73;0.99;4;Non-Renewable;1.15;7.63;42;1800.47;ZRW_TYPE_OUD;{ globalid:GLOBALID iws_eigenaar:Eigenaar latitude:Latitude longitude:Longitude nummer:Huisnummer objectid:OBJECTID oc_ie:Ontwerpcapaciteit IE, 150TZV oc_ie_bzv:Ontwerpcapaciteit IE, 54BZV oc_max:Ontwerpcapaciteit m3/h opmerkingen:Opmerkingen plaats:Plaats postcode:Postcode regio:Regio straat:Straat zrw_type:RWZI type zrwdatin:Datum in bedrijf zrwdatui:Datum uit bedrijf zrwident:Code zrwnaam:Naam RWZI zrwstatus:Status zrwverkort:Verkorte naam zui_zpiident:ID Zuiveringsinstallatie};{ { alias:OBJECTID name:OBJECTID type:esriFieldTypeOID} { alias:Code length:24 name:ZRWIDENT type:esriFieldTypeString} { alias:ID Zuiveringsinstallatie length:24 name:ZUI_ZPIIDENT type:esriFieldTypeString} { alias:Naam RWZI length:50 name:ZRWNAAM type:esriFieldTypeString} { alias:Datum in bedrijf length:8 name:ZRWDATIN type:esriFieldTypeDate} { alias:Datum uit bedrijf length:8 name:ZRWDATUI type:esriFieldTypeDate} { alias:Opmerkingen length:255 name:OPMERKINGEN type:esriFieldTypeString} { alias:GLOBALID length:38 name:GLOBALID type:esriFieldTypeGlobalID} { alias:Eigenaar length:255 name:IWS_EIGENAAR type:esriFieldTypeString} { alias:Latitude name:LATITUDE type:esriFieldTypeDouble} { alias:Longitude name:LONGITUDE type:esriFieldTypeDouble} { alias:Verkorte naam length:10 name:ZRWVERKORT type:esriFieldTypeString} { alias:Ontwerpcapaciteit IE, 150TZV name:OC_IE type:esriFieldTypeDouble} { alias:Ontwerpcapaciteit m3/h name:OC_MAX type:esriFieldTypeDouble} { alias:Ontwerpcapaciteit IE, 54BZV name:OC_IE_BZV type:esriFieldTypeDouble} { alias:Straat length:150 name:STRAAT type:esriFieldTypeString} { alias:Plaats length:50 name:PLAATS type:esriFieldTypeString} { alias:Huisnummer length:10 name:NUMMER type:esriFieldTypeString} { alias:Postcode length:6 name:POSTCODE type:esriFieldTypeString} { alias:Regio name:REGIO type:esriFieldTypeInteger} { alias:RWZI type name:ZRW_TYPE type:esriFieldTypeInteger} { alias:Status name:ZRWSTATUS type:esriFieldTypeInteger}};16783017;ZZE_;3201;RWZI Zetten;536457600000;NULL;{8c92c080-089f-47bc-832e-84964aefcf22};Waterschap;51.93826;5.711814;218;8000.0;390.0;6500.0;Knoppersweg;Randwijk;32;6668AV;2;3;2;gaat medio 2021 uit bedrijf
4301;RWZI_21;2024-12-09;1.71;No;33.5;20.13;33053;31.87;1.0;0;Non-Renewable;2.48;3.17;34;1318.43;ZRW_TYPE_OUD;{ globalid:GLOBALID iws_eigenaar:Eigenaar latitude:Latitude longitude:Longitude nummer:Huisnummer objectid:OBJECTID oc_ie:Ontwerpcapaciteit IE, 150TZV oc_ie_bzv:Ontwerpcapaciteit IE, 54BZV oc_max:Ontwerpcapaciteit m3/h opmerkingen:Opmerkingen plaats:Plaats postcode:Postcode regio:Regio straat:Straat zrw_type:RWZI type zrwdatin:Datum in bedrijf zrwdatui:Datum uit bedrijf zrwident:Code zrwnaam:Naam RWZI zrwstatus:Status zrwverkort:Verkorte naam zui_zpiident:ID Zuiveringsinstallatie};{ { alias:OBJECTID name:OBJECTID type:esriFieldTypeOID} { alias:Code length:24 name:ZRWIDENT type:esriFieldTypeString} { alias:ID Zuiveringsinstallatie length:24 name:ZUI_ZPIIDENT type:esriFieldTypeString} { alias:Naam RWZI length:50 name:ZRWNAAM type:esriFieldTypeString} { alias:Datum in bedrijf length:8 name:ZRWDATIN type:esriFieldTypeDate} { alias:Datum uit bedrijf length:8 name:ZRWDATUI type:esriFieldTypeDate} { alias:Opmerkingen length:255 name:OPMERKINGEN type:esriFieldTypeString} { alias:GLOBALID length:38 name:GLOBALID type:esriFieldTypeGlobalID} { alias:Eigenaar length:255 name:IWS_EIGENAAR type:esriFieldTypeString} { alias:Latitude name:LATITUDE type:esriFieldTypeDouble} { alias:Longitude name:LONGITUDE type:esriFieldTypeDouble} { alias:Verkorte naam length:10 name:ZRWVERKORT type:esriFieldTypeString} { alias:Ontwerpcapaciteit IE, 150TZV name:OC_IE type:esriFieldTypeDouble} { alias:Ontwerpcapaciteit m3/h name:OC_MAX type:esriFieldTypeDouble} { alias:Ontwerpcapaciteit IE, 54BZV name:OC_IE_BZV type:esriFieldTypeDouble} { alias:Straat length:150 name:STRAAT type:esriFieldTypeString} { alias:Plaats length:50 name:PLAATS type:esriFieldTypeString} { alias:Huisnummer length:10 name:NUMMER type:esriFieldTypeString} { alias:Postcode length:6 name:POSTCODE type:esriFieldTypeString} { alias:Regio name:REGIO type:esriFieldTypeInteger} { alias:RWZI type name:ZRW_TYPE type:esriFieldTypeInteger} { alias:Status name:ZRWSTATUS type:esriFieldTypeInteger}};24123052;ZSL_;4301;RWZI Sleeuwijk;1546300800000;NULL;{294c2e3f-61c0-4e10-aece-a63d9b26c787};Waterschap;51.816284;4.930853;915;80000.0;3600.0;54000.0;Robijnsweg;Sleeuwijk;15;4254LB;5;3;2;NULL
4501;RWZI_22;2024-12-09;1.1;Yes;4.5;38.94;49369;96.6;0.87;1;Renewable;1.66;13.39;36;1709.67;ZRW_TYPE_OUD;{ globalid:GLOBALID iws_eigenaar:Eigenaar latitude:Latitude longitude:Longitude nummer:Huisnummer objectid:OBJECTID oc_ie:Ontwerpcapaciteit IE, 150TZV oc_ie_bzv:Ontwerpcapaciteit IE, 54BZV oc_max:Ontwerpcapaciteit m3/h opmerkingen:Opmerkingen plaats:Plaats postcode:Postcode regio:Regio straat:Straat zrw_type:RWZI type zrwdatin:Datum in bedrijf zrwdatui:Datum uit bedrijf zrwident:Code zrwnaam:Naam RWZI zrwstatus:Status zrwverkort:Verkorte naam zui_zpiident:ID Zuiveringsinstallatie};{ { alias:OBJECTID name:OBJECTID type:esriFieldTypeOID} { alias:Code length:24 name:ZRWIDENT type:esriFieldTypeString} { alias:ID Zuiveringsinstallatie length:24 name:ZUI_ZPIIDENT type:esriFieldTypeString} { alias:Naam RWZI length:50 name:ZRWNAAM type:esriFieldTypeString} { alias:Datum in bedrijf length:8 name:ZRWDATIN type:esriFieldTypeDate} { alias:Datum uit bedrijf length:8 name:ZRWDATUI type:esriFieldTypeDate} { alias:Opmerkingen length:255 name:OPMERKINGEN type:esriFieldTypeString} { alias:GLOBALID length:38 name:GLOBALID type:esriFieldTypeGlobalID} { alias:Eigenaar length:255 name:IWS_EIGENAAR type:esriFieldTypeString} { alias:Latitude name:LATITUDE type:esriFieldTypeDouble} { alias:Longitude name:LONGITUDE type:esriFieldTypeDouble} { alias:Verkorte naam length:10 name:ZRWVERKORT type:esriFieldTypeString} { alias:Ontwerpcapaciteit IE, 150TZV name:OC_IE type:esriFieldTypeDouble} { alias:Ontwerpcapaciteit m3/h name:OC_MAX type:esriFieldTypeDouble} { alias:Ontwerpcapaciteit IE, 54BZV name:OC_IE_BZV type:esriFieldTypeDouble} { alias:Straat length:150 name:STRAAT type:esriFieldTypeString} { alias:Plaats length:50 name:PLAATS type:esriFieldTypeString} { alias:Huisnummer length:10 name:NUMMER type:esriFieldTypeString} { alias:Postcode length:6 name:POSTCODE type:esriFieldTypeString} { alias:Regio name:REGIO type:esriFieldTypeInteger} { alias:RWZI type name:ZRW_TYPE type:esriFieldTypeInteger} { alias:Status name:ZRWSTATUS type:esriFieldTypeInteger}};43283634;ZAD_;4501;RWZI Alblasserdam;1451606400000;NULL;{4ded82fc-461a-4eb7-a935-3040b9abe939};Waterschap;51.850346;4.672039;AL;50000.0;1500.0;25000.0;Staalindustrieweg;Alblasserdam;30;2952AT;4;3;2;NULL
5201;RWZI_23;2024-12-09;3.04;No;34.6;47.67;42881;20.27;0.73;0;Renewable;1.72;0.12;4;1519.57;ZRW_TYPE_OUD;{ globalid:GLOBALID iws_eigenaar:Eigenaar latitude:Latitude longitude:Longitude nummer:Huisnummer objectid:OBJECTID oc_ie:Ontwerpcapaciteit IE, 150TZV oc_ie_bzv:Ontwerpcapaciteit IE, 54BZV oc_max:Ontwerpcapaciteit m3/h opmerkingen:Opmerkingen plaats:Plaats postcode:Postcode regio:Regio straat:Straat zrw_type:RWZI type zrwdatin:Datum in bedrijf zrwdatui:Datum uit bedrijf zrwident:Code zrwnaam:Naam RWZI zrwstatus:Status zrwverkort:Verkorte naam zui_zpiident:ID Zuiveringsinstallatie};{ { alias:OBJECTID name:OBJECTID type:esriFieldTypeOID} { alias:Code length:24 name:ZRWIDENT type:esriFieldTypeString} { alias:ID Zuiveringsinstallatie length:24 name:ZUI_ZPIIDENT type:esriFieldTypeString} { alias:Naam RWZI length:50 name:ZRWNAAM type:esriFieldTypeString} { alias:Datum in bedrijf length:8 name:ZRWDATIN type:esriFieldTypeDate} { alias:Datum uit bedrijf length:8 name:ZRWDATUI type:esriFieldTypeDate} { alias:Opmerkingen length:255 name:OPMERKINGEN type:esriFieldTypeString} { alias:GLOBALID length:38 name:GLOBALID type:esriFieldTypeGlobalID} { alias:Eigenaar length:255 name:IWS_EIGENAAR type:esriFieldTypeString} { alias:Latitude name:LATITUDE type:esriFieldTypeDouble} { alias:Longitude name:LONGITUDE type:esriFieldTypeDouble} { alias:Verkorte naam length:10 name:ZRWVERKORT type:esriFieldTypeString} { alias:Ontwerpcapaciteit IE, 150TZV name:OC_IE type:esriFieldTypeDouble} { alias:Ontwerpcapaciteit m3/h name:OC_MAX type:esriFieldTypeDouble} { alias:Ontwerpcapaciteit IE, 54BZV name:OC_IE_BZV type:esriFieldTypeDouble} { alias:Straat length:150 name:STRAAT type:esriFieldTypeString} { alias:Plaats length:50 name:PLAATS type:esriFieldTypeString} { alias:Huisnummer length:10 name:NUMMER type:esriFieldTypeString} { alias:Postcode length:6 name:POSTCODE type:esriFieldTypeString} { alias:Regio name:REGIO type:esriFieldTypeInteger} { alias:RWZI type name:ZRW_TYPE type:esriFieldTypeInteger} { alias:Status name:ZRWSTATUS type:esriFieldTypeInteger}};43283638;ZPA_;5201;RWZI Papendrecht;820454400000;NULL;{d08773ec-3e6d-473b-8339-180943684339};Waterschap;51.826818;4.703059;PA;48000.0;1700.0;40000.0;Willem Dreeslaan;Papendrecht;10;3354AW;4;3;2;NULL
5401;RWZI_24;2024-12-09;2.91;Yes;33.2;11.97;31959;17.24;0.95;6;Renewable;2.76;11.97;33;1345.94;ZRW_TYPE_OUD;{ globalid:GLOBALID iws_eigenaar:Eigenaar latitude:Latitude longitude:Longitude nummer:Huisnummer objectid:OBJECTID oc_ie:Ontwerpcapaciteit IE, 150TZV oc_ie_bzv:Ontwerpcapaciteit IE, 54BZV oc_max:Ontwerpcapaciteit m3/h opmerkingen:Opmerkingen plaats:Plaats postcode:Postcode regio:Regio straat:Straat zrw_type:RWZI type zrwdatin:Datum in bedrijf zrwdatui:Datum uit bedrijf zrwident:Code zrwnaam:Naam RWZI zrwstatus:Status zrwverkort:Verkorte naam zui_zpiident:ID Zuiveringsinstallatie};{ { alias:OBJECTID name:OBJECTID type:esriFieldTypeOID} { alias:Code length:24 name:ZRWIDENT type:esriFieldTypeString} { alias:ID Zuiveringsinstallatie length:24 name:ZUI_ZPIIDENT type:esriFieldTypeString} { alias:Naam RWZI length:50 name:ZRWNAAM type:esriFieldTypeString} { alias:Datum in bedrijf length:8 name:ZRWDATIN type:esriFieldTypeDate} { alias:Datum uit bedrijf length:8 name:ZRWDATUI type:esriFieldTypeDate} { alias:Opmerkingen length:255 name:OPMERKINGEN type:esriFieldTypeString} { alias:GLOBALID length:38 name:GLOBALID type:esriFieldTypeGlobalID} { alias:Eigenaar length:255 name:IWS_EIGENAAR type:esriFieldTypeString} { alias:Latitude name:LATITUDE type:esriFieldTypeDouble} { alias:Longitude name:LONGITUDE type:esriFieldTypeDouble} { alias:Verkorte naam length:10 name:ZRWVERKORT type:esriFieldTypeString} { alias:Ontwerpcapaciteit IE, 150TZV name:OC_IE type:esriFieldTypeDouble} { alias:Ontwerpcapaciteit m3/h name:OC_MAX type:esriFieldTypeDouble} { alias:Ontwerpcapaciteit IE, 54BZV name:OC_IE_BZV type:esriFieldTypeDouble} { alias:Straat length:150 name:STRAAT type:esriFieldTypeString} { alias:Plaats length:50 name:PLAATS type:esriFieldTypeString} { alias:Huisnummer length:10 name:NUMMER type:esriFieldTypeString} { alias:Postcode length:6 name:POSTCODE type:esriFieldTypeString} { alias:Regio name:REGIO type:esriFieldTypeInteger} { alias:RWZI type name:ZRW_TYPE type:esriFieldTypeInteger} { alias:Status name:ZRWSTATUS type:esriFieldTypeInteger}};43283642;ZSD_;5401;RWZI Sliedrecht;347155200000;NULL;{0095d2bb-6e5f-49e2-bff5-8e45e128659a};Waterschap;51.830072;4.799328;SL;48000.0;1650.0;40000.0;Kweldamweg;Sliedrecht;51;3364BC;4;3;2;NULL
4701;RWZI_25;2024-12-09;2.13;No;8.8;49.72;2825;24.37;0.83;4;Renewable;1.82;9.05;24;485.74;ZRW_TYPE_OUD;{ globalid:GLOBALID iws_eigenaar:Eigenaar latitude:Latitude longitude:Longitude nummer:Huisnummer objectid:OBJECTID oc_ie:Ontwerpcapaciteit IE, 150TZV oc_ie_bzv:Ontwerpcapaciteit IE, 54BZV oc_max:Ontwerpcapaciteit m3/h opmerkingen:Opmerkingen plaats:Plaats postcode:Postcode regio:Regio straat:Straat zrw_type:RWZI type zrwdatin:Datum in bedrijf zrwdatui:Datum uit bedrijf zrwident:Code zrwnaam:Naam RWZI zrwstatus:Status zrwverkort:Verkorte naam zui_zpiident:ID Zuiveringsinstallatie};{ { alias:OBJECTID name:OBJECTID type:esriFieldTypeOID} { alias:Code length:24 name:ZRWIDENT type:esriFieldTypeString} { alias:ID Zuiveringsinstallatie length:24 name:ZUI_ZPIIDENT type:esriFieldTypeString} { alias:Naam RWZI length:50 name:ZRWNAAM type:esriFieldTypeString} { alias:Datum in bedrijf length:8 name:ZRWDATIN type:esriFieldTypeDate} { alias:Datum uit bedrijf length:8 name:ZRWDATUI type:esriFieldTypeDate} { alias:Opmerkingen length:255 name:OPMERKINGEN type:esriFieldTypeString} { alias:GLOBALID length:38 name:GLOBALID type:esriFieldTypeGlobalID} { alias:Eigenaar length:255 name:IWS_EIGENAAR type:esriFieldTypeString} { alias:Latitude name:LATITUDE type:esriFieldTypeDouble} { alias:Longitude name:LONGITUDE type:esriFieldTypeDouble} { alias:Verkorte naam length:10 name:ZRWVERKORT type:esriFieldTypeString} { alias:Ontwerpcapaciteit IE, 150TZV name:OC_IE type:esriFieldTypeDouble} { alias:Ontwerpcapaciteit m3/h name:OC_MAX type:esriFieldTypeDouble} { alias:Ontwerpcapaciteit IE, 54BZV name:OC_IE_BZV type:esriFieldTypeDouble} { alias:Straat length:150 name:STRAAT type:esriFieldTypeString} { alias:Plaats length:50 name:PLAATS type:esriFieldTypeString} { alias:Huisnummer length:10 name:NUMMER type:esriFieldTypeString} { alias:Postcode length:6 name:POSTCODE type:esriFieldTypeString} { alias:Regio name:REGIO type:esriFieldTypeInteger} { alias:RWZI type name:ZRW_TYPE type:esriFieldTypeInteger} { alias:Status name:ZRWSTATUS type:esriFieldTypeInteger}};43283646;ZHD_;4701;RWZI Hardinxveld-Giessendam;315532800000;NULL;{9ff34528-f50a-4106-8de4-118e42fb0051};Waterschap;51.822293;4.837243;PE;19000.0;610.0;16000.0;Rivierdijk;Hardinxveld-Giessendam;831;3371EN;4;3;2;NULL
5301;RWZI_26;2024-12-09;4.47;Yes;33.3;20.51;39358;53.25;0.9;8;Non-Renewable;1.19;15.66;6;1761.35;ZRW_TYPE_OUD;{ globalid:GLOBALID iws_eigenaar:Eigenaar latitude:Latitude longitude:Longitude nummer:Huisnummer objectid:OBJECTID oc_ie:Ontwerpcapaciteit IE, 150TZV oc_ie_bzv:Ontwerpcapaciteit IE, 54BZV oc_max:Ontwerpcapaciteit m3/h opmerkingen:Opmerkingen plaats:Plaats postcode:Postcode regio:Regio straat:Straat zrw_type:RWZI type zrwdatin:Datum in bedrijf zrwdatui:Datum uit bedrijf zrwident:Code zrwnaam:Naam RWZI zrwstatus:Status zrwverkort:Verkorte naam zui_zpiident:ID Zuiveringsinstallatie};{ { alias:OBJECTID name:OBJECTID type:esriFieldTypeOID} { alias:Code length:24 name:ZRWIDENT type:esriFieldTypeString} { alias:ID Zuiveringsinstallatie length:24 name:ZUI_ZPIIDENT type:esriFieldTypeString} { alias:Naam RWZI length:50 name:ZRWNAAM type:esriFieldTypeString} { alias:Datum in bedrijf length:8 name:ZRWDATIN type:esriFieldTypeDate} { alias:Datum uit bedrijf length:8 name:ZRWDATUI type:esriFieldTypeDate} { alias:Opmerkingen length:255 name:OPMERKINGEN type:esriFieldTypeString} { alias:GLOBALID length:38 name:GLOBALID type:esriFieldTypeGlobalID} { alias:Eigenaar length:255 name:IWS_EIGENAAR type:esriFieldTypeString} { alias:Latitude name:LATITUDE type:esriFieldTypeDouble} { alias:Longitude name:LONGITUDE type:esriFieldTypeDouble} { alias:Verkorte naam length:10 name:ZRWVERKORT type:esriFieldTypeString} { alias:Ontwerpcapaciteit IE, 150TZV name:OC_IE type:esriFieldTypeDouble} { alias:Ontwerpcapaciteit m3/h name:OC_MAX type:esriFieldTypeDouble} { alias:Ontwerpcapaciteit IE, 54BZV name:OC_IE_BZV type:esriFieldTypeDouble} { alias:Straat length:150 name:STRAAT type:esriFieldTypeString} { alias:Plaats length:50 name:PLAATS type:esriFieldTypeString} { alias:Huisnummer length:10 name:NUMMER type:esriFieldTypeString} { alias:Postcode length:6 name:POSTCODE type:esriFieldTypeString} { alias:Regio name:REGIO type:esriFieldTypeInteger} { alias:RWZI type name:ZRW_TYPE type:esriFieldTypeInteger} { alias:Status name:ZRWSTATUS type:esriFieldTypeInteger}};43283654;ZSN_;5301;RWZI Schelluinen;1167609600000;NULL;{b30e1515-44c4-4ad1-8585-ef0bac5eeb66};Waterschap;51.843042;4.934857;SN;98000.0;3300.0;97423.0;Banneweg;Schelluinen;30;4209SZ;4;3;2;NULL
4901;RWZI_27;2024-12-09;4.83;Yes;-3.2;22.94;34621;60.23;0.77;9;Non-Renewable;1.42;1.44;17;1766.85;ZRW_TYPE_OUD;{ globalid:GLOBALID iws_eigenaar:Eigenaar latitude:Latitude longitude:Longitude nummer:Huisnummer objectid:OBJECTID oc_ie:Ontwerpcapaciteit IE, 150TZV oc_ie_bzv:Ontwerpcapaciteit IE, 54BZV oc_max:Ontwerpcapaciteit m3/h opmerkingen:Opmerkingen plaats:Plaats postcode:Postcode regio:Regio straat:Straat zrw_type:RWZI type zrwdatin:Datum in bedrijf zrwdatui:Datum uit bedrijf zrwident:Code zrwnaam:Naam RWZI zrwstatus:Status zrwverkort:Verkorte naam zui_zpiident:ID Zuiveringsinstallatie};{ { alias:OBJECTID name:OBJECTID type:esriFieldTypeOID} { alias:Code length:24 name:ZRWIDENT type:esriFieldTypeString} { alias:ID Zuiveringsinstallatie length:24 name:ZUI_ZPIIDENT type:esriFieldTypeString} { alias:Naam RWZI length:50 name:ZRWNAAM type:esriFieldTypeString} { alias:Datum in bedrijf length:8 name:ZRWDATIN type:esriFieldTypeDate} { alias:Datum uit bedrijf length:8 name:ZRWDATUI type:esriFieldTypeDate} { alias:Opmerkingen length:255 name:OPMERKINGEN type:esriFieldTypeString} { alias:GLOBALID length:38 name:GLOBALID type:esriFieldTypeGlobalID} { alias:Eigenaar length:255 name:IWS_EIGENAAR type:esriFieldTypeString} { alias:Latitude name:LATITUDE type:esriFieldTypeDouble} { alias:Longitude name:LONGITUDE type:esriFieldTypeDouble} { alias:Verkorte naam length:10 name:ZRWVERKORT type:esriFieldTypeString} { alias:Ontwerpcapaciteit IE, 150TZV name:OC_IE type:esriFieldTypeDouble} { alias:Ontwerpcapaciteit m3/h name:OC_MAX type:esriFieldTypeDouble} { alias:Ontwerpcapaciteit IE, 54BZV name:OC_IE_BZV type:esriFieldTypeDouble} { alias:Straat length:150 name:STRAAT type:esriFieldTypeString} { alias:Plaats length:50 name:PLAATS type:esriFieldTypeString} { alias:Huisnummer length:10 name:NUMMER type:esriFieldTypeString} { alias:Postcode length:6 name:POSTCODE type:esriFieldTypeString} { alias:Regio name:REGIO type:esriFieldTypeInteger} { alias:RWZI type name:ZRW_TYPE type:esriFieldTypeInteger} { alias:Status name:ZRWSTATUS type:esriFieldTypeInteger}};43283658;ZLE_;4901;RWZI Leerdam;504921600000;NULL;{d3301dbe-22ac-4b17-a01a-803f5490e6ba};Waterschap;51.889869;5.08817;LE;48000.0;1000.0;23000.0;Tiendweg;Leerdam;9h;4142EG;4;3;2;NULL
5501;RWZI_28;2024-12-09;4.8;No;11.8;49.03;31695;27.78;0.96;4;Non-Renewable;2.35;5.14;28;1175.57;ZRW_TYPE_OUD;{ globalid:GLOBALID iws_eigenaar:Eigenaar latitude:Latitude longitude:Longitude nummer:Huisnummer objectid:OBJECTID oc_ie:Ontwerpcapaciteit IE, 150TZV oc_ie_bzv:Ontwerpcapaciteit IE, 54BZV oc_max:Ontwerpcapaciteit m3/h opmerkingen:Opmerkingen plaats:Plaats postcode:Postcode regio:Regio straat:Straat zrw_type:RWZI type zrwdatin:Datum in bedrijf zrwdatui:Datum uit bedrijf zrwident:Code zrwnaam:Naam RWZI zrwstatus:Status zrwverkort:Verkorte naam zui_zpiident:ID Zuiveringsinstallatie};{ { alias:OBJECTID name:OBJECTID type:esriFieldTypeOID} { alias:Code length:24 name:ZRWIDENT type:esriFieldTypeString} { alias:ID Zuiveringsinstallatie length:24 name:ZUI_ZPIIDENT type:esriFieldTypeString} { alias:Naam RWZI length:50 name:ZRWNAAM type:esriFieldTypeString} { alias:Datum in bedrijf length:8 name:ZRWDATIN type:esriFieldTypeDate} { alias:Datum uit bedrijf length:8 name:ZRWDATUI type:esriFieldTypeDate} { alias:Opmerkingen length:255 name:OPMERKINGEN type:esriFieldTypeString} { alias:GLOBALID length:38 name:GLOBALID type:esriFieldTypeGlobalID} { alias:Eigenaar length:255 name:IWS_EIGENAAR type:esriFieldTypeString} { alias:Latitude name:LATITUDE type:esriFieldTypeDouble} { alias:Longitude name:LONGITUDE type:esriFieldTypeDouble} { alias:Verkorte naam length:10 name:ZRWVERKORT type:esriFieldTypeString} { alias:Ontwerpcapaciteit IE, 150TZV name:OC_IE type:esriFieldTypeDouble} { alias:Ontwerpcapaciteit m3/h name:OC_MAX type:esriFieldTypeDouble} { alias:Ontwerpcapaciteit IE, 54BZV name:OC_IE_BZV type:esriFieldTypeDouble} { alias:Straat length:150 name:STRAAT type:esriFieldTypeString} { alias:Plaats length:50 name:PLAATS type:esriFieldTypeString} { alias:Huisnummer length:10 name:NUMMER type:esriFieldTypeString} { alias:Postcode length:6 name:POSTCODE type:esriFieldTypeString} { alias:Regio name:REGIO type:esriFieldTypeInteger} { alias:RWZI type name:ZRW_TYPE type:esriFieldTypeInteger} { alias:Status name:ZRWSTATUS type:esriFieldTypeInteger}};43283666;ZVI_;5501;RWZI Vianen;820454400000;NULL;{95408cb0-61de-4b86-8fd5-484f4dfe5b62};Waterschap;51.998546;5.097955;VI;48000.0;1600.0;40000.0;Lekdijk;Vianen;2;4131KA;4;3;2;NULL
4601;RWZI_29;2024-12-09;1.26;Yes;18.8;37.13;12684;65.06;0.94;6;Renewable;1.14;9.94;28;922.98;ZRW_TYPE_OUD;{ globalid:GLOBALID iws_eigenaar:Eigenaar latitude:Latitude longitude:Longitude nummer:Huisnummer objectid:OBJECTID oc_ie:Ontwerpcapaciteit IE, 150TZV oc_ie_bzv:Ontwerpcapaciteit IE, 54BZV oc_max:Ontwerpcapaciteit m3/h opmerkingen:Opmerkingen plaats:Plaats postcode:Postcode regio:Regio straat:Straat zrw_type:RWZI type zrwdatin:Datum in bedrijf zrwdatui:Datum uit bedrijf zrwident:Code zrwnaam:Naam RWZI zrwstatus:Status zrwverkort:Verkorte naam zui_zpiident:ID Zuiveringsinstallatie};{ { alias:OBJECTID name:OBJECTID type:esriFieldTypeOID} { alias:Code length:24 name:ZRWIDENT type:esriFieldTypeString} { alias:ID Zuiveringsinstallatie length:24 name:ZUI_ZPIIDENT type:esriFieldTypeString} { alias:Naam RWZI length:50 name:ZRWNAAM type:esriFieldTypeString} { alias:Datum in bedrijf length:8 name:ZRWDATIN type:esriFieldTypeDate} { alias:Datum uit bedrijf length:8 name:ZRWDATUI type:esriFieldTypeDate} { alias:Opmerkingen length:255 name:OPMERKINGEN type:esriFieldTypeString} { alias:GLOBALID length:38 name:GLOBALID type:esriFieldTypeGlobalID} { alias:Eigenaar length:255 name:IWS_EIGENAAR type:esriFieldTypeString} { alias:Latitude name:LATITUDE type:esriFieldTypeDouble} { alias:Longitude name:LONGITUDE type:esriFieldTypeDouble} { alias:Verkorte naam length:10 name:ZRWVERKORT type:esriFieldTypeString} { alias:Ontwerpcapaciteit IE, 150TZV name:OC_IE type:esriFieldTypeDouble} { alias:Ontwerpcapaciteit m3/h name:OC_MAX type:esriFieldTypeDouble} { alias:Ontwerpcapaciteit IE, 54BZV name:OC_IE_BZV type:esriFieldTypeDouble} { alias:Straat length:150 name:STRAAT type:esriFieldTypeString} { alias:Plaats length:50 name:PLAATS type:esriFieldTypeString} { alias:Huisnummer length:10 name:NUMMER type:esriFieldTypeString} { alias:Postcode length:6 name:POSTCODE type:esriFieldTypeString} { alias:Regio name:REGIO type:esriFieldTypeInteger} { alias:RWZI type name:ZRW_TYPE type:esriFieldTypeInteger} { alias:Status name:ZRWSTATUS type:esriFieldTypeInteger}};43283670;ZGK_;4601;RWZI Groot-Ammers;599616000000;NULL;{70e49ab9-a617-41d3-883b-02d3a5727998};Waterschap;51.93485;4.858454;GK;35000.0;1400.0;35000.0;Wilgenweg;Groot-Ammers;6;2964AM;4;3;2;NULL
